{"x": -0.2403077781200409, "y": 0.0157854612916708, "z": 0.9002326130867004}