{"x": -0.7348120212554932, "y": 0.4561765789985657, "z": 1.0043987035751343}