{"x": 0.31689491868019104, "y": 0.6837484836578369, "z": 1.1700481176376343}