{"x": -0.494555801153183, "y": 0.1250331848859787, "z": 4.007026195526123}