{"x": -3.0369889736175537, "y": 0.6007199883460999, "z": 5.113335132598877}