{"x": -2.952805757522583, "y": 0.7853642106056213, "z": 5.372345924377441}