{"x": -3.0472898483276367, "y": 0.6025911569595337, "z": 5.117827892303467}