{"x": -0.08363257348537445, "y": 0.03274262696504593, "z": 0.44446834921836853}