{"x": 0.45839723944664, "y": 0.88486248254776, "z": 1.121415138244629}