{"x": -2.0831546783447266, "y": 0.10487259924411774, "z": 4.42270040512085}