{"x": -3.036816120147705, "y": 0.6012678742408752, "z": 5.113997459411621}