{"x": -3.03794527053833, "y": 0.6023811101913452, "z": 5.1154866218566895}