{"x": -3.0377066135406494, "y": 0.6025100946426392, "z": 5.115602970123291}