{"x": -2.9352595806121826, "y": 0.7981564402580261, "z": 5.276211261749268}