{"x": -3.073319911956787, "y": 0.5948736667633057, "z": 5.1118974685668945}