{"x": -0.4480245113372803, "y": 0.04796793684363365, "z": 1.5385112762451172}