{"x": -3.037256956100464, "y": 0.6021968126296997, "z": 5.116207599639893}