{"x": -0.7975720763206482, "y": 0.48662906885147095, "z": 1.0664000511169434}