{"x": -2.6165008544921875, "y": 0.1581665426492691, "z": 5.0397515296936035}