{"x": -0.4746682047843933, "y": 0.23663651943206787, "z": 4.05232048034668}