{"x": -3.0367372035980225, "y": 0.6009523272514343, "z": 5.1153883934021}