{"x": -0.48641863465309143, "y": 0.19435106217861176, "z": 4.043375015258789}