{"x": -0.7998069524765015, "y": 0.48377224802970886, "z": 1.1207387447357178}