{"x": -0.14546413719654083, "y": 0.04411502927541733, "z": 0.6741152405738831}