{"x": -3.038468837738037, "y": 0.5996482968330383, "z": 5.1141743659973145}