{"x": -0.7666142582893372, "y": 0.47952979803085327, "z": 1.031588077545166}