{"x": -0.04063497111201286, "y": 0.08821113407611847, "z": 0.8813155293464661}