{"x": -3.0301311016082764, "y": 0.5949620008468628, "z": 5.096357822418213}