{"x": -3.0382277965545654, "y": 0.6010094285011292, "z": 5.115090370178223}