{"x": -0.7305190563201904, "y": 0.6054016947746277, "z": 1.141883134841919}