{"x": -0.7045119404792786, "y": -0.02941240184009075, "z": 3.8666493892669678}