{"x": -3.0339369773864746, "y": 0.6012746095657349, "z": 5.115195274353027}