{"x": -0.48904600739479065, "y": 0.2239345908164978, "z": 4.066203594207764}