{"x": -0.4836800992488861, "y": 0.18201704323291779, "z": 4.038381099700928}