{"x": -0.05690298229455948, "y": 0.09136273711919785, "z": -0.1454082578420639}