{"x": -1.505383014678955, "y": 0.08064732700586319, "z": 4.070274829864502}