{"x": -2.9426188468933105, "y": 0.8008843064308167, "z": 5.278294086456299}