{"x": -3.040454149246216, "y": 0.6025998592376709, "z": 5.117771625518799}