{"x": -1.6366512775421143, "y": 0.0808720737695694, "z": 4.168228626251221}