{"x": -0.47887033224105835, "y": 0.1914268434047699, "z": 4.044764041900635}