{"x": -0.7182310223579407, "y": 0.6320381164550781, "z": 1.166757345199585}