{"x": -3.039924383163452, "y": 0.6017228364944458, "z": 5.115660190582275}