{"x": -0.10660174489021301, "y": 0.0652390569448471, "z": 0.8718717694282532}