{"x": -0.15345576405525208, "y": 0.03519371151924133, "z": 0.869285523891449}