{"x": -0.6021857857704163, "y": 0.07914303243160248, "z": 3.9515762329101562}