{"x": -0.6608532071113586, "y": 0.07640663534402847, "z": 2.447794198989868}