{"x": -0.5623825788497925, "y": 0.13725316524505615, "z": 3.981700897216797}