{"x": -0.6901972889900208, "y": 0.0060753184370696545, "z": 3.9042139053344727}