{"x": -2.833397150039673, "y": 0.8035666942596436, "z": 5.3175435066223145}