{"x": -0.49989572167396545, "y": 0.20827098190784454, "z": 4.0487380027771}