{"x": -0.27760374546051025, "y": 0.04116297885775566, "z": 0.9721459746360779}