{"x": -0.6128897666931152, "y": 0.07635899633169174, "z": 3.9456422328948975}