{"x": -3.0329744815826416, "y": 0.6000698208808899, "z": 5.113256454467773}