{"x": -3.038604974746704, "y": 0.6017909049987793, "z": 5.114401340484619}