{"x": -0.5351918339729309, "y": 0.10540378093719482, "z": 3.9890694618225098}