{"x": -2.944631576538086, "y": 0.6380852460861206, "z": 5.037777423858643}