{"x": -3.038668155670166, "y": 0.6000209450721741, "z": 5.115644454956055}