{"x": -1.053385615348816, "y": 0.06473585218191147, "z": 3.7897777557373047}