{"x": -3.0376241207122803, "y": 0.6016345620155334, "z": 5.115567207336426}