{"x": -3.0734641551971436, "y": 0.584913969039917, "z": 5.149747371673584}