{"x": -0.6954970359802246, "y": -0.004343137145042419, "z": 3.893183946609497}