{"x": -2.968421459197998, "y": 0.7523619532585144, "z": 5.334406852722168}