{"x": -2.8743197917938232, "y": 0.7694118022918701, "z": 5.1789398193359375}