{"x": -0.4611448049545288, "y": 0.18924580514431, "z": 4.0345282554626465}