{"x": -3.036371946334839, "y": 0.6011560559272766, "z": 5.112686634063721}