{"x": -0.5661291480064392, "y": 0.16038325428962708, "z": 3.988417148590088}