{"x": -3.072404384613037, "y": 0.5780590772628784, "z": 5.128848552703857}