{"x": -0.8591538667678833, "y": 0.4479915201663971, "z": 1.0678379535675049}