{"x": -3.0410826206207275, "y": 0.5980175733566284, "z": 5.113888263702393}