{"x": -3.0671093463897705, "y": 0.5962400436401367, "z": 5.116123199462891}