{"x": -0.5797633528709412, "y": 0.13687770068645477, "z": 3.979175329208374}