{"x": -0.5769097805023193, "y": 0.1370897740125656, "z": 3.9793314933776855}