{"x": -0.3155583143234253, "y": 0.00487534748390317, "z": 0.9740765690803528}