{"x": -3.039062976837158, "y": 0.5989835858345032, "z": 5.114968776702881}