{"x": -2.9530365467071533, "y": 0.7535036206245422, "z": 4.831729412078857}