{"x": -3.0376291275024414, "y": 0.6021404266357422, "z": 5.115721225738525}