{"x": -0.3472733795642853, "y": 0.884171187877655, "z": 1.4327040910720825}