{"x": -3.054598093032837, "y": 0.585657000541687, "z": 5.096964359283447}