{"x": -0.5659612417221069, "y": 0.15317507088184357, "z": 3.984558343887329}