{"x": -3.0587234497070312, "y": 0.5845249891281128, "z": 5.08388614654541}