{"x": -0.5678994059562683, "y": 0.679358184337616, "z": 1.2925076484680176}