{"x": -3.0403974056243896, "y": 0.6017164587974548, "z": 5.115697860717773}