{"x": -3.0357797145843506, "y": 0.6021448373794556, "z": 5.114899635314941}