{"x": -3.036428928375244, "y": 0.600835382938385, "z": 5.11338472366333}