{"x": -0.2649066746234894, "y": 0.779596745967865, "z": 1.4073573350906372}