{"x": -3.0330209732055664, "y": 0.6002599000930786, "z": 5.112973213195801}