{"x": -3.0396015644073486, "y": 0.6008379459381104, "z": 5.115368366241455}