{"x": -3.0403707027435303, "y": 0.6019643545150757, "z": 5.1170878410339355}