{"x": -3.0352718830108643, "y": 0.6020508408546448, "z": 5.115355968475342}