{"x": -0.5554409027099609, "y": 0.14151723682880402, "z": 3.9763834476470947}