{"x": -0.7412866353988647, "y": 0.46795544028282166, "z": 1.004541277885437}