{"x": -0.5759055614471436, "y": 0.1366233378648758, "z": 3.978959798812866}