{"x": -3.040050983428955, "y": 0.6022810935974121, "z": 5.116632461547852}