{"x": -2.952094078063965, "y": 0.7864860892295837, "z": 5.362878322601318}