{"x": -3.0400116443634033, "y": 0.5974347591400146, "z": 5.113176345825195}