{"x": -0.46583694219589233, "y": 0.1621125489473343, "z": 4.018287658691406}