{"x": -0.32245680689811707, "y": 0.05284395441412926, "z": 1.0615298748016357}