{"x": -3.0381157398223877, "y": 0.5999686121940613, "z": 5.115221977233887}