{"x": -0.6976085305213928, "y": -0.012560756877064705, "z": 3.8826959133148193}