{"x": -3.0379621982574463, "y": 0.6024006605148315, "z": 5.11555290222168}