{"x": -3.073469400405884, "y": 0.5832669138908386, "z": 5.153611183166504}