{"x": -0.3901066184043884, "y": 0.6080724596977234, "z": 1.342698574066162}