{"x": -0.3704962432384491, "y": 0.054020315408706665, "z": 1.2120624780654907}