{"x": -0.6116472482681274, "y": 0.10902059823274612, "z": 3.9679555892944336}