{"x": -0.5831748843193054, "y": 0.08697403222322464, "z": 3.9689180850982666}