{"x": -3.0374703407287598, "y": 0.5970867872238159, "z": 5.112738132476807}