{"x": -3.0420217514038086, "y": 0.5996779203414917, "z": 5.116100788116455}