{"x": -3.0393123626708984, "y": 0.6005880832672119, "z": 5.112913131713867}