{"x": -3.0420796871185303, "y": 0.5988775491714478, "z": 5.115571975708008}