{"x": -3.0684616565704346, "y": 0.7287797927856445, "z": 5.254378795623779}