{"x": -3.0517616271972656, "y": 0.5898562073707581, "z": 5.095221042633057}