{"x": -0.8247430920600891, "y": 0.48741722106933594, "z": 1.1268671751022339}