{"x": -0.6949882507324219, "y": -0.008459234610199928, "z": 3.8881068229675293}