{"x": -3.0475480556488037, "y": 0.6028735041618347, "z": 5.118988037109375}