{"x": -3.0331759452819824, "y": 0.6002774834632874, "z": 5.113341331481934}