{"x": -0.7638126015663147, "y": 0.5703108906745911, "z": 1.1584093570709229}