{"x": 0.3432373106479645, "y": 0.44290441274642944, "z": 1.1226025819778442}