{"x": -0.0871284008026123, "y": 0.047563496977090836, "z": 1.0312994718551636}