{"x": -3.0381534099578857, "y": 0.6009455919265747, "z": 5.114846229553223}