{"x": -0.23167355358600616, "y": 0.01433754526078701, "z": 0.9281055927276611}