{"x": -1.24602472782135, "y": 0.0776812955737114, "z": 3.8589227199554443}