{"x": -3.036195755004883, "y": 0.599841833114624, "z": 5.11428165435791}