{"x": -3.0388455390930176, "y": 0.6000874042510986, "z": 5.113428592681885}