{"x": -0.22374650835990906, "y": 0.013421453535556793, "z": 0.87867271900177}