{"x": -3.051851272583008, "y": 0.6003188490867615, "z": 5.118825912475586}