{"x": -0.52812260389328, "y": 0.1982961744070053, "z": 3.983699321746826}