{"x": -3.036322832107544, "y": 0.6023705005645752, "z": 5.115374565124512}