{"x": 0.38630199432373047, "y": 0.6186128258705139, "z": 1.1043833494186401}