{"x": -3.042776346206665, "y": 0.6014934778213501, "z": 5.120908260345459}