{"x": -1.955648422241211, "y": 0.11930612474679947, "z": 4.353446960449219}