{"x": -3.037376642227173, "y": 0.6023524403572083, "z": 5.115486145019531}