{"x": -3.0395941734313965, "y": 0.6024346351623535, "z": 5.1161322593688965}