{"x": -3.038400650024414, "y": 0.6019710898399353, "z": 5.116130828857422}