{"x": -0.7777138948440552, "y": 0.43279600143432617, "z": 1.0503677129745483}