{"x": -0.1622769683599472, "y": 0.039505284279584885, "z": 0.9579522609710693}