{"x": -2.9681687355041504, "y": 0.755703866481781, "z": 5.345547676086426}