{"x": -0.45866379141807556, "y": 0.8347905874252319, "z": 1.3717502355575562}