{"x": -2.9705262184143066, "y": 0.7462365627288818, "z": 5.325825214385986}