{"x": -3.0382208824157715, "y": 0.5996100306510925, "z": 5.114356517791748}