{"x": -3.0385968685150146, "y": 0.6015943884849548, "z": 5.115443706512451}