{"x": -2.594305992126465, "y": 0.1382877230644226, "z": 4.928317546844482}