{"x": -0.553290069103241, "y": 0.1395459622144699, "z": 3.9922690391540527}