{"x": -3.0389404296875, "y": 0.6018491387367249, "z": 5.1147780418396}