{"x": -3.041466236114502, "y": 0.5982096195220947, "z": 5.115480422973633}