{"x": -3.0385308265686035, "y": 0.6010666489601135, "z": 5.1158552169799805}