{"x": -3.03764271736145, "y": 0.6020431518554688, "z": 5.114640712738037}