{"x": -3.0398995876312256, "y": 0.6007131338119507, "z": 5.116791725158691}