{"x": -3.032142400741577, "y": 0.6005896925926208, "z": 5.112894535064697}