{"x": -3.0342440605163574, "y": 0.5997712016105652, "z": 5.112547874450684}