{"x": -3.038144111633301, "y": 0.6020606160163879, "z": 5.114150524139404}