{"x": -3.0364789962768555, "y": 0.601283073425293, "z": 5.113030910491943}