{"x": -0.7032262682914734, "y": -0.03528047725558281, "z": 3.865493059158325}