{"x": -3.036163330078125, "y": 0.6010305881500244, "z": 5.11268424987793}