{"x": -2.9416370391845703, "y": 0.8021974563598633, "z": 5.277559757232666}