{"x": -3.0390634536743164, "y": 0.599837064743042, "z": 5.1156158447265625}