{"x": -3.0374767780303955, "y": 0.601682722568512, "z": 5.113949298858643}