{"x": -3.0359036922454834, "y": 0.6024750471115112, "z": 5.1150946617126465}