{"x": -0.6633980870246887, "y": 0.06973333656787872, "z": 3.9421982765197754}