{"x": -3.047602415084839, "y": 0.6033022403717041, "z": 5.119953155517578}