{"x": -0.6851133704185486, "y": 0.016916796565055847, "z": 3.9123828411102295}