{"x": -3.055619716644287, "y": 0.5834358930587769, "z": 5.085629940032959}