{"x": -0.6682563424110413, "y": 0.05057991296052933, "z": 3.937377452850342}