{"x": 0.4787672162055969, "y": 0.951315701007843, "z": 1.1360092163085938}