{"x": -0.6417301893234253, "y": 0.05761402100324631, "z": 3.936959743499756}