{"x": -0.035149700939655304, "y": 0.5423790216445923, "z": 1.2466824054718018}