{"x": -3.0420315265655518, "y": 0.5836018919944763, "z": 5.145918846130371}