{"x": 0.40492650866508484, "y": 0.8287951350212097, "z": 1.1563884019851685}