{"x": -3.070911169052124, "y": 0.584953784942627, "z": 5.145417213439941}