{"x": -3.036912441253662, "y": 0.6020853519439697, "z": 5.115983963012695}