{"x": -0.5514556765556335, "y": 0.14020635187625885, "z": 3.9790098667144775}