{"x": -3.0380659103393555, "y": 0.6019877195358276, "z": 5.1158223152160645}