{"x": -0.6739144325256348, "y": 0.03687725216150284, "z": 3.9288597106933594}