{"x": -0.5309716463088989, "y": 0.15184976160526276, "z": 4.0103631019592285}