{"x": -0.691946268081665, "y": -0.02264242433011532, "z": 3.8786098957061768}