{"x": -3.041442394256592, "y": 0.598645806312561, "z": 5.115480899810791}