{"x": -0.5084471106529236, "y": 0.6677625179290771, "z": 1.291820764541626}