{"x": -0.7060046792030334, "y": -0.034949906170368195, "z": 3.863497495651245}