{"x": -1.3655515909194946, "y": 0.09831039607524872, "z": 3.9494800567626953}