{"x": -0.23631462454795837, "y": 0.0392221137881279, "z": 0.9459791779518127}