{"x": -3.043102979660034, "y": 0.5994042158126831, "z": 5.114098072052002}