{"x": -0.4595111310482025, "y": 0.1836366206407547, "z": 4.029524803161621}