{"x": -3.036158800125122, "y": 0.6009528636932373, "z": 5.113315582275391}