{"x": -0.5176025629043579, "y": 0.15877756476402283, "z": 3.9980626106262207}