{"x": -0.49434933066368103, "y": 0.171993687748909, "z": 4.011966228485107}