{"x": -0.011550163850188255, "y": 0.08753369748592377, "z": 0.9000492691993713}