{"x": -3.0727763175964355, "y": 0.5858635902404785, "z": 5.1475443840026855}