{"x": -3.0424106121063232, "y": 0.5975614190101624, "z": 5.1142048835754395}