{"x": -3.036843776702881, "y": 0.602348804473877, "z": 5.1163649559021}