{"x": -0.6559159159660339, "y": 0.06594747304916382, "z": 2.227825403213501}