{"x": -2.964421033859253, "y": 0.7836935520172119, "z": 5.293883800506592}