{"x": 0.2107340544462204, "y": 0.18381401896476746, "z": 1.2205543518066406}