{"x": -3.0360264778137207, "y": 0.6021235585212708, "z": 5.115209579467773}