{"x": -2.9517173767089844, "y": 0.7504228949546814, "z": 4.8591485023498535}