{"x": -0.520598828792572, "y": 0.19959492981433868, "z": 3.983877420425415}