{"x": -0.13001827895641327, "y": 0.04916731268167496, "z": 0.8680479526519775}