{"x": -0.5167774558067322, "y": 0.19802211225032806, "z": 3.983893632888794}