{"x": -0.8244248628616333, "y": 0.4353925287723541, "z": 1.0657607316970825}