{"x": 0.0624801367521286, "y": 0.5217736959457397, "z": 1.1952857971191406}