{"x": -0.7023582458496094, "y": -0.023558136075735092, "z": 3.870748281478882}