{"x": -3.0341527462005615, "y": 0.5908753275871277, "z": 5.127084732055664}