{"x": -0.06873919069766998, "y": 0.06515509635210037, "z": 0.20628340542316437}