{"x": -3.0394468307495117, "y": 0.6007488369941711, "z": 5.115344524383545}