{"x": -3.0472474098205566, "y": 0.5928139686584473, "z": 5.104130744934082}