{"x": -3.041193723678589, "y": 0.5977987051010132, "z": 5.11444091796875}