{"x": -3.0394747257232666, "y": 0.5989649295806885, "z": 5.113937854766846}