{"x": -3.037255048751831, "y": 0.6019347906112671, "z": 5.114335536956787}