{"x": -3.034254789352417, "y": 0.5995568037033081, "z": 5.112700939178467}