{"x": 0.29000645875930786, "y": 0.3006555736064911, "z": 1.1568677425384521}