{"x": -0.08636367321014404, "y": 0.07561501860618591, "z": 0.8767303824424744}