{"x": -3.0318610668182373, "y": 0.6005768179893494, "z": 5.112722873687744}