{"x": -3.0461785793304443, "y": 0.6008865237236023, "z": 5.116126537322998}