{"x": -0.6884874701499939, "y": 0.011120668612420559, "z": 3.908332109451294}