{"x": -0.5051445960998535, "y": 0.1655689924955368, "z": 4.0238752365112305}