{"x": -0.7494721412658691, "y": 0.44519278407096863, "z": 1.024130940437317}