{"x": 0.4873843491077423, "y": 0.007090016733855009, "z": -1.1306129693984985}