{"x": -0.19135916233062744, "y": 0.023155376315116882, "z": 0.799641489982605}