{"x": -3.0405702590942383, "y": 0.5980530381202698, "z": 5.113601207733154}