{"x": -2.9714057445526123, "y": 0.7366300821304321, "z": 5.312050819396973}