{"x": -3.0475175380706787, "y": 0.6036384105682373, "z": 5.1195573806762695}