{"x": -3.041461229324341, "y": 0.5986794829368591, "z": 5.114793300628662}