{"x": -3.039381980895996, "y": 0.60113924741745, "z": 5.113250732421875}