{"x": -2.5180420875549316, "y": 0.15734806656837463, "z": 4.753141403198242}