{"x": -0.20727911591529846, "y": 0.017360065132379532, "z": 0.957891047000885}