{"x": 0.11917024850845337, "y": 0.11677251011133194, "z": 1.2559171915054321}