{"x": -3.039529800415039, "y": 0.599443256855011, "z": 5.114032745361328}