{"x": -3.041264295578003, "y": 0.6005176901817322, "z": 5.117356777191162}