{"x": -2.8657989501953125, "y": 0.744925856590271, "z": 5.051039695739746}