{"x": -2.371826410293579, "y": 0.14609594643115997, "z": 4.618914604187012}