{"x": -3.032918930053711, "y": 0.6001855731010437, "z": 5.113443851470947}