{"x": -0.48491695523262024, "y": 0.20031259953975677, "z": 3.933806896209717}