{"x": -2.9746482372283936, "y": 0.7519705295562744, "z": 5.30509614944458}