{"x": -3.0407590866088867, "y": 0.6020509600639343, "z": 5.117740154266357}