{"x": -3.0372095108032227, "y": 0.6017430424690247, "z": 5.114658832550049}