{"x": -0.5189829468727112, "y": 0.750623345375061, "z": 1.316696286201477}