{"x": -0.6448625326156616, "y": 0.06845690310001373, "z": 3.9459903240203857}