{"x": -0.6795924305915833, "y": 0.06642329692840576, "z": 2.6551177501678467}