{"x": -3.0392651557922363, "y": 0.5997936725616455, "z": 5.1154937744140625}