{"x": -2.9684576988220215, "y": 0.7568340301513672, "z": 5.347257137298584}