{"x": -2.997156858444214, "y": 0.7454352974891663, "z": 5.321582317352295}