{"x": -3.070448160171509, "y": 0.5823516845703125, "z": 5.141780853271484}