{"x": -2.5845460891723633, "y": 0.14685805141925812, "z": 4.856816291809082}