{"x": -3.0412797927856445, "y": 0.5978243350982666, "z": 5.113384246826172}