{"x": -2.968428373336792, "y": 0.7654739618301392, "z": 5.361042499542236}