{"x": -3.0399608612060547, "y": 0.5984159111976624, "z": 5.114710807800293}