{"x": -3.034210681915283, "y": 0.6008891463279724, "z": 5.114833354949951}