{"x": -3.0376486778259277, "y": 0.6003530025482178, "z": 5.115188121795654}