{"x": -3.0375897884368896, "y": 0.5996693968772888, "z": 5.11392879486084}