{"x": -3.039707660675049, "y": 0.5980772972106934, "z": 5.112881183624268}