{"x": -0.5799679160118103, "y": 0.05190803483128548, "z": 1.8711118698120117}