{"x": -2.964442253112793, "y": 0.7675166726112366, "z": 5.35780143737793}