{"x": 0.45372089743614197, "y": 0.9205533862113953, "z": 1.1481897830963135}