{"x": -0.7588452696800232, "y": 0.4847875237464905, "z": 1.1802797317504883}