{"x": -3.0574698448181152, "y": 0.5821912288665771, "z": 5.116631031036377}