{"x": -3.0443389415740967, "y": 0.5937367677688599, "z": 5.1092848777771}