{"x": -0.7004894614219666, "y": 0.10418190807104111, "z": 3.4138965606689453}