{"x": -2.924631118774414, "y": 0.7469107508659363, "z": 4.897425174713135}