{"x": -3.036287307739258, "y": 0.6025063395500183, "z": 5.114563941955566}