{"x": -3.0385594367980957, "y": 0.6003829836845398, "z": 5.113500118255615}