{"x": -0.6950357556343079, "y": -0.001477090292610228, "z": 3.8965001106262207}