{"x": -2.973818063735962, "y": 0.7612360715866089, "z": 5.30204439163208}