{"x": -0.40905043482780457, "y": 0.03732519596815109, "z": 1.3810768127441406}