{"x": -0.448438435792923, "y": -0.005480238702148199, "z": 1.1605982780456543}