{"x": -3.036447048187256, "y": 0.6015723943710327, "z": 5.11407995223999}