{"x": -3.038149356842041, "y": 0.6018565893173218, "z": 5.115528106689453}