{"x": -3.0370969772338867, "y": 0.5998308062553406, "z": 5.114161968231201}