{"x": -3.0756566524505615, "y": 0.5955850481987, "z": 5.1172356605529785}