{"x": -0.6779605746269226, "y": 0.02740710787475109, "z": 3.922497034072876}