{"x": -0.016190998256206512, "y": 0.08493776619434357, "z": 0.9165311455726624}