{"x": -3.0393998622894287, "y": 0.5988876819610596, "z": 5.114719390869141}