{"x": -3.033982992172241, "y": 0.5998795628547668, "z": 5.1133575439453125}