{"x": -0.629092812538147, "y": 0.03799000382423401, "z": 2.042354106903076}