{"x": -2.232060432434082, "y": 0.11605952680110931, "z": 4.516150951385498}