{"x": -0.5682224035263062, "y": 0.13631941378116608, "z": 3.9793269634246826}