{"x": -0.6114545464515686, "y": 0.6068116426467896, "z": 1.2713596820831299}