{"x": -0.5610878467559814, "y": 0.14222490787506104, "z": 3.975710868835449}