{"x": -0.06974083930253983, "y": 0.06346922367811203, "z": 0.9805684089660645}