{"x": -1.1475746631622314, "y": 0.06474463641643524, "z": 3.810842275619507}