{"x": -3.036109685897827, "y": 0.6025208234786987, "z": 5.1159515380859375}