{"x": -0.7941909432411194, "y": 0.019011572003364563, "z": 3.879657745361328}