{"x": -3.0610945224761963, "y": 0.5837550163269043, "z": 5.153306007385254}