{"x": -0.14455236494541168, "y": 0.6450399160385132, "z": 1.3394533395767212}