{"x": -0.4700659513473511, "y": 0.2258463054895401, "z": 4.004251956939697}