{"x": -0.5281376838684082, "y": 0.18519951403141022, "z": 3.9869141578674316}