{"x": -3.038846492767334, "y": 0.6014149785041809, "z": 5.116124629974365}