{"x": -3.0324478149414062, "y": 0.6008750200271606, "z": 5.112926006317139}