{"x": -0.13019300997257233, "y": 0.04222102463245392, "z": 1.0038033723831177}