{"x": -0.7949801087379456, "y": 0.05111226439476013, "z": 3.6883351802825928}