{"x": 0.07390906661748886, "y": 0.09142419695854187, "z": 1.2456200122833252}