{"x": -3.0368685722351074, "y": 0.6019136309623718, "z": 5.11437463760376}