{"x": -3.037135601043701, "y": 0.6016542911529541, "z": 5.114276885986328}