{"x": -0.4704756736755371, "y": 0.18563003838062286, "z": 4.0286335945129395}