{"x": -0.030726348981261253, "y": 0.07279729098081589, "z": 0.9528079628944397}