{"x": -0.6924965977668762, "y": 0.0021905037574470043, "z": 3.8999879360198975}