{"x": -3.0399367809295654, "y": 0.6017706394195557, "z": 5.115725994110107}