{"x": -0.5788848996162415, "y": 0.1369897425174713, "z": 3.977579116821289}