{"x": -2.971240282058716, "y": 0.7366542816162109, "z": 5.316155433654785}