{"x": -3.0335326194763184, "y": 0.6001051068305969, "z": 5.11287260055542}