{"x": 0.1806769222021103, "y": 0.5688613057136536, "z": 1.1823737621307373}