{"x": -3.036068916320801, "y": 0.6024805903434753, "z": 5.114607334136963}