{"x": -0.18969325721263885, "y": 0.021746063604950905, "z": 0.8716714382171631}