{"x": -3.036237955093384, "y": 0.6023856401443481, "z": 5.114867687225342}