{"x": -0.7101860046386719, "y": 0.08744790405035019, "z": 2.8462448120117188}