{"x": -3.038198947906494, "y": 0.601375937461853, "z": 5.115636348724365}