{"x": -0.5754720568656921, "y": 0.13804945349693298, "z": 3.9765818119049072}