{"x": -2.6834635734558105, "y": 0.3540898561477661, "z": 5.367529392242432}