{"x": -0.5451421737670898, "y": 0.18573099374771118, "z": 3.986055374145508}