{"x": -2.6563568115234375, "y": 0.20957623422145844, "z": 5.17602014541626}