{"x": -2.9734745025634766, "y": 0.7377112507820129, "z": 5.306077003479004}