{"x": -0.6126962304115295, "y": 0.10252588987350464, "z": 3.9620983600616455}