{"x": -0.4664016664028168, "y": 0.010025295428931713, "z": 1.3374978303909302}