{"x": -0.7103891372680664, "y": 0.04242474213242531, "z": 3.912585973739624}