{"x": -3.0392568111419678, "y": 0.6000574231147766, "z": 5.1162495613098145}