{"x": -3.075134038925171, "y": 0.5974098443984985, "z": 5.118842601776123}