{"x": -3.0375165939331055, "y": 0.6021192669868469, "z": 5.115062713623047}