{"x": -0.06352976709604263, "y": 0.08442771434783936, "z": 0.8771277070045471}