{"x": -3.0386178493499756, "y": 0.6012673377990723, "z": 5.116080284118652}