{"x": -0.7402709722518921, "y": 0.09593305736780167, "z": 3.049645185470581}