{"x": -3.032728910446167, "y": 0.6003333926200867, "z": 5.113121509552002}