{"x": -0.5741063952445984, "y": 0.13579048216342926, "z": 3.978865146636963}