{"x": -0.46848368644714355, "y": -0.0025242348201572895, "z": 1.2535197734832764}