{"x": -3.0394718647003174, "y": 0.5999663472175598, "z": 5.112961769104004}