{"x": -3.039849042892456, "y": 0.6007890701293945, "z": 5.116239070892334}