{"x": -3.0394065380096436, "y": 0.5998176336288452, "z": 5.112717151641846}