{"x": -3.036097288131714, "y": 0.602228581905365, "z": 5.113478183746338}