{"x": -3.029859781265259, "y": 0.586239218711853, "z": 5.138256072998047}