{"x": -3.040405035018921, "y": 0.6020393371582031, "z": 5.1169233322143555}