{"x": -0.5407475829124451, "y": 0.14624819159507751, "z": 3.9859988689422607}