{"x": -2.989654064178467, "y": 0.614284873008728, "z": 5.072544097900391}