{"x": -2.900111436843872, "y": 0.7895472049713135, "z": 5.242677688598633}