{"x": -0.3451327383518219, "y": 0.2967269718647003, "z": 1.3874647617340088}