{"x": -0.40016603469848633, "y": 0.10431122034788132, "z": 1.4098738431930542}