{"x": -3.0332231521606445, "y": 0.6000112891197205, "z": 5.112639427185059}