{"x": 0.4216289818286896, "y": 0.7765833735466003, "z": 1.112924575805664}