{"x": -0.7498284578323364, "y": 0.028936240822076797, "z": 3.8925156593322754}