{"x": -3.038132429122925, "y": 0.6000394821166992, "z": 5.11559534072876}