{"x": -3.0362582206726074, "y": 0.6019560098648071, "z": 5.115461349487305}