{"x": -2.9481751918792725, "y": 0.802508533000946, "z": 5.283018112182617}