{"x": -0.6810886263847351, "y": 0.020560605451464653, "z": 3.9173943996429443}