{"x": -3.065502166748047, "y": 0.5968589186668396, "z": 5.122101306915283}