{"x": -1.7518433332443237, "y": 0.10007422417402267, "z": 4.245110988616943}