{"x": -2.9564239978790283, "y": 0.7834773659706116, "z": 5.35750150680542}