{"x": -0.6426094174385071, "y": 0.11527486890554428, "z": 3.5442898273468018}