{"x": -0.18930986523628235, "y": 0.03847415745258331, "z": 0.9639415740966797}