{"x": -0.5888584852218628, "y": 0.12038351595401764, "z": 3.67467999458313}