{"x": -0.5047159790992737, "y": 0.07287321984767914, "z": 1.698955774307251}