{"x": -0.7355543375015259, "y": 0.6095300316810608, "z": 1.1236580610275269}