{"x": -3.034203052520752, "y": 0.6002927422523499, "z": 5.113132476806641}