{"x": -0.7020829916000366, "y": -0.02057505026459694, "z": 3.872986316680908}