{"x": -3.040715217590332, "y": 0.598493218421936, "z": 5.1148834228515625}