{"x": -2.8890254497528076, "y": 0.7402068376541138, "z": 4.829951763153076}