{"x": -3.047105550765991, "y": 0.6023596525192261, "z": 5.117839813232422}