{"x": -3.0372605323791504, "y": 0.6017826199531555, "z": 5.1147966384887695}