{"x": -0.5472061634063721, "y": 0.1427840292453766, "z": 3.9993910789489746}