{"x": -3.0470166206359863, "y": 0.7270047664642334, "z": 5.277560710906982}