{"x": -0.4962535798549652, "y": 0.19736886024475098, "z": 4.039443492889404}