{"x": -3.0328633785247803, "y": 0.6007198691368103, "z": 5.113018989562988}