{"x": -3.040752649307251, "y": 0.5976077318191528, "z": 5.113775730133057}