{"x": -3.0399296283721924, "y": 0.6013749837875366, "z": 5.1153693199157715}