{"x": -3.038163423538208, "y": 0.5993348956108093, "z": 5.114251613616943}