{"x": 0.008939220570027828, "y": 0.05518154799938202, "z": 1.1339805126190186}