{"x": -3.036924362182617, "y": 0.6013710498809814, "z": 5.11431360244751}