{"x": -0.6586815118789673, "y": 0.062424708157777786, "z": 3.9439597129821777}