{"x": -0.5691977143287659, "y": 0.13942165672779083, "z": 3.9762513637542725}