{"x": -3.037468910217285, "y": 0.6014885902404785, "z": 5.1139445304870605}