{"x": -3.0381956100463867, "y": 0.6001100540161133, "z": 5.115090370178223}