{"x": 0.15600797533988953, "y": 0.08133671432733536, "z": -0.49068963527679443}