{"x": -2.9574975967407227, "y": 0.7785459756851196, "z": 5.368325710296631}